,0,1,2,3,4,5
0,3/25/2024,Avalanche: Ricardos,Salt Lake,Skier,2.5',100'
1,3/25/2024,Avalanche: Cardiff Fork,Salt Lake,Skier,"9""",50'
2,3/25/2024,Avalanche: Bonkers,Salt Lake,Skier,"12""",200'
3,3/25/2024,Avalanche: Gobblers Knob,Salt Lake,Skier,"10""",100'
4,3/25/2024,Avalanche: Main Days,Salt Lake,Skier,"18""",200'
5,3/24/2024,Avalanche: Raymond Glade,Salt Lake,Skier,"8""",40'
6,3/24/2024,Avalanche: Alexander Basin,Salt Lake,Skier,,
7,3/24/2024,Avalanche: Corkscrew Glades,Moab,Skier,"6""",50'
8,3/24/2024,Avalanche: Montreal Hill,Salt Lake,Snowboarder,"18""",35'
9,3/24/2024,Avalanche: Toots Suite,Salt Lake,Skier,"6""",30'
10,3/24/2024,Avalanche: Toots Suite,Salt Lake,Skier,"5""",30'
11,3/24/2024,Avalanche: Murdock Peak,Salt Lake,Skier,"12""",60'
12,3/24/2024,Avalanche: Montreal Hill,Salt Lake,Skier,"18""",30'
13,3/24/2024,Avalanche: Thomas Fork,Salt Lake,Skier,"10""",200'
14,3/24/2024,Avalanche: Toots to Boot,Salt Lake,Natural,"2""",50'
15,3/24/2024,Avalanche: west porter,Salt Lake,Skier,"4""",200'
16,3/24/2024,Avalanche: Maybird Gulch,Salt Lake,Natural,"5""",
17,3/24/2024,Avalanche: west porter,Salt Lake,Snowboarder,"6""",50'
18,3/24/2024,Avalanche: White Pine Creek,Logan,Snowboarder,"7""",70'
19,3/24/2024,Avalanche: Weber Canyon,Uintas,Other,"14""",80'
20,3/24/2024,Avalanche: Murdock Peak,Salt Lake,Skier,"10""",35'
21,3/24/2024,Avalanche: Yellow Jacket,Salt Lake,Skier,,15'
22,3/24/2024,Avalanche: Reynolds Pk,Salt Lake,Skier,"6""",20'
23,3/24/2024,Avalanche: Gods Lawnmower,Salt Lake,Skier,"6""",10'
24,3/23/2024,Avalanche: Chilly Peak Slabs,Ogden,Natural,,
25,3/21/2024,Avalanche: Blue Ice,Salt Lake,Natural,,50'
26,3/20/2024,Avalanche: Flagstaff Gully,Salt Lake,Natural,"14""",100'
27,3/19/2024,Avalanche: Grandfather Cornice,Logan,Natural,,150'
28,3/19/2024,Avalanche: Mineral Basin,Salt Lake,Natural,,
29,3/19/2024,Avalanche: American Fork,Provo,Unknown,,
30,3/18/2024,Avalanche: Mt Aire,Salt Lake,Snowboarder,,50'
31,3/18/2024,Avalanche: Chalk Creek,Uintas,Natural,,
32,3/17/2024,Avalanche: Oquirrh Mountains,Salt Lake,Natural,,
33,3/16/2024,Avalanche: Aspen Grove,Provo,Skier,"4""",100'
34,3/16/2024,Avalanche: Gravel Pit Lanes,Moab,Natural,2',100'
35,3/16/2024,Avalanche: Strawberry Ridge,Uintas,Snow Bike,2.5',250'
36,3/16/2024,Avalanche: Horse Creek Chutes,Moab,Natural,4',"1,500'"
37,3/16/2024,Avalanche: Mount Mellenthin,Moab,Natural,,
38,3/16/2024,Avalanche: Talking Mountain Cirque,Moab,Natural,,
39,3/16/2024,Avalanche: Broads Fork/Mill B,Salt Lake,Natural,"18""",150'
40,3/16/2024,Avalanche: Currant Creek Environs,Uintas,Unknown,4',150'
41,3/16/2024,Avalanche: Mt Tukuhnikivatz,Moab,Natural,2',450'
42,3/16/2024,Avalanche: Tuk NE Face,Moab,Natural,2',125'
43,3/16/2024,Avalanche: Talking Mt. Cirque,Moab,Natural,2',100'
44,3/16/2024,Avalanche: Snaggletooth Chutes,Moab,Natural,"18""",50'
45,3/16/2024,Avalanche: Lone Pine,Moab,Natural,"18""",50'
46,3/16/2024,Avalanche: East Hellgate,Salt Lake,Natural,,
47,3/16/2024,Avalanche: Middle Cirque,Moab,Natural,2',450'
48,3/16/2024,Avalanche: Little Superior,Salt Lake,Skier,"12""",35'
49,3/16/2024,Avalanche: Cleaver Chutes,Moab,Natural,"18""",
50,1/14/2024,Avalanche: Patsy Marly,Salt Lake,Natural,2.5',70'
51,1/14/2024,Avalanche: Chalk Creek,Uintas,Natural,4.5',350'
52,1/14/2024,Avalanche: Rodeo Ridge,Ogden,Natural,"12""",125'
53,1/14/2024,Avalanche: 1000 Springs,Salt Lake,Natural,,
54,1/14/2024,Avalanche: Chalk Creek,Uintas,Natural,3.5',400'
55,1/14/2024,Avalanche: Toledo Bowl,Salt Lake,,,
56,1/14/2024,Avalanche: Cutler Ridge,Ogden,Natural,3.5',400'
57,1/14/2024,Avalanche: 1000 Springs,Salt Lake,Natural,2',
58,1/14/2024,Avalanche: Radar Love Bowl,Salt Lake,Natural,,300'
59,1/14/2024,Avalanche: Mt Aire,Salt Lake,Natural,2',150'
60,1/14/2024,Avalanche: Cardiff Pass,Salt Lake,,,
61,1/14/2024,Avalanche: Mill D North,Salt Lake,Natural,4',100'
62,1/14/2024,Avalanche: Meadows,Salt Lake,Natural,3',
63,1/14/2024,Avalanche: Mt Aire,Salt Lake,Natural,2',100'
64,1/14/2024,Avalanche: Days Fork,Salt Lake,Unknown,,
65,1/14/2024,Avalanche: Beaver Creek,Uintas,Natural,2',30'
66,1/14/2024,Avalanche: Raymond Shoulder,Salt Lake,Natural,3',250'
67,1/14/2024,Avalanche: Nordic Valley perimeter,Ogden,,,
68,1/14/2024,Avalanche: Silver Fork Headwall,Salt Lake,Unknown,3',
69,1/14/2024,Avalanche: Beaver Creek,Uintas,Natural,2',150'
70,1/14/2024,Avalanche: Little Water,Salt Lake,Natural,2',200'
71,1/14/2024,Avalanche: Millville Peak,Logan,Unknown,"3""",400'
72,1/14/2024,Avalanche: Butler Basin,Salt Lake,Unknown,,
73,1/14/2024,Avalanche: Logan Dry Canyon,Logan,Skier,2.5',175'
74,1/14/2024,Avalanche: Ricardos,Salt Lake,Natural,2.5',150'
75,1/14/2024,Avalanche: Reynolds East Face Shoulder,Salt Lake,Natural,3',300'
76,1/14/2024,Avalanche: Figure 8 Bowl,Salt Lake,Natural,"4""","1,000'"
77,1/14/2024,Avalanche: Mt Raymond,Salt Lake,Natural,3',200'
78,1/14/2024,Avalanche: Bear Trap,Salt Lake,Unknown,"18""",100'
79,1/14/2024,Avalanche: Dougs Drop,Salt Lake,Natural,2',"2,500'"
80,1/14/2024,Avalanche: Racetrack,Skyline,Natural,4',"1,000'"
81,1/14/2024,Avalanche: Powder Park,Salt Lake,Unknown,"10""",
82,1/14/2024,Avalanche: Gobblers Knob,Salt Lake,Natural,3',"3,500'"
83,1/14/2024,Avalanche: Main Bowl,Skyline,Natural,3',500'
84,1/14/2024,Avalanche: Chicken Hill,Logan,Natural,3',400'
85,1/14/2024,Avalanche: Huntington Reservior,Skyline,Natural,2',300'
86,1/14/2024,Avalanche: Silver Fork,Salt Lake,Natural,"15""","1,000'"
87,1/14/2024,Avalanche: Freds Birthday Run,Salt Lake,Natural,2.5',100'
88,1/14/2024,Avalanche: Potters,Skyline,Natural,,
89,1/14/2024,Avalanche: Mill Creek Canyon,Salt Lake,Natural,2',100'
90,1/14/2024,Avalanche: Phone Shot,Skyline,Natural,2.5',"1,000'"
91,1/14/2024,Avalanche: Elk Point,Provo,Natural,,
92,1/13/2024,Avalanche: Bloomington Canyon,Logan,Natural,"14""",70'
93,1/13/2024,"Avalanche: The Gut, East Face of White Pine Knob",Logan,Natural,2',300'
94,1/13/2024,Avalanche: Eastern Slopes of Wellsville Range,Logan,Natural,,
95,1/13/2024,Avalanche: Beaver Backside,Logan,Snowboarder,2',20'
96,1/13/2024,Avalanche: Short Swing,Salt Lake,Unknown,2',100'
97,1/13/2024,Avalanche: Wood Camp,Logan,Natural,,
98,1/13/2024,Avalanche: Natural Avalanche Cycle in Logan Canyon,Logan,Natural,"12""",200'
99,1/13/2024,Avalanche: Park City Ridgeline,Salt Lake,Snowshoer,"12""",50'
100,3/28/2023,Avalanche: East Bowl,Salt Lake,Snowboarder,"12""",90'
101,3/28/2023,Avalanche: Wolverine,Salt Lake,Natural,10',60'
102,3/28/2023,Avalanche: Salt Lake,Salt Lake,Natural,"18""",30'
103,3/28/2023,Avalanche: Flanigans,Salt Lake,Skier,"3""",60'
104,3/28/2023,Accident: Morgan,Ogden,,2',200'
105,3/27/2023,Avalanche: Long John Silver,Salt Lake,Natural,"8""",300'
106,3/27/2023,Avalanche: Mill B South,Salt Lake,Natural,,
107,3/27/2023,Avalanche: Little Superior,Salt Lake,Skier,"12""",50'
108,3/27/2023,Avalanche: Butler Fork,Salt Lake,Natural,,
109,3/27/2023,Accident: Pole Canyon,Salt Lake,Snowmobiler,3',"4,500'"
110,3/27/2023,Avalanche: Moab,Moab,Natural,,100'
111,3/27/2023,Avalanche: Timpanogos,Provo,Natural,,
112,3/27/2023,Avalanche: Flanigans,Salt Lake,Skier,"12""",60'
113,3/26/2023,Avalanche: Timpooneke,Provo,Unknown,,
114,3/26/2023,Avalanche: Silver Fork Headwall,Salt Lake,Unknown,2',200'
115,3/26/2023,Avalanche: Neffs,Salt Lake,Skier,"12""",50'
116,3/26/2023,Avalanche: Mt Olympus,Salt Lake,Skier,"14""",35'
117,3/26/2023,Avalanche: Mill B South,Salt Lake,Natural,5',"1,500'"
118,3/25/2023,Avalanche: Castle Rock,Logan,Natural,2',
119,3/25/2023,Avalanche: Gibson Canyon,Logan,Natural,3',"1,500'"
120,3/25/2023,Avalanche: Hell Canyon,Logan,Natural,3',"1,500'"
121,3/25/2023,Avalanche: North Fork Hell Canyon,Logan,Natural,3',"1,500'"
122,3/25/2023,Avalanche: Lambs Canyon,Salt Lake,Skier,"14""",50'
123,3/25/2023,Avalanche: Beaver Backside,Logan,Unknown,"7""",25'
124,3/25/2023,Avalanche: Franklin Basin,Logan,Natural,"12""",100'
125,3/25/2023,Avalanche: Ant Knolls,Provo,Snowmobiler,2',"1,000'"
126,3/25/2023,Avalanche: Ant Knolls,Provo,Skier,"10""",250'
127,3/25/2023,Avalanche: Emigration Summit Area,Logan,Skier,2.5',80'
128,3/24/2023,Avalanche: west porter,Salt Lake,Natural,,
129,3/24/2023,Avalanche: Abajos,Abajos,Skier,2',250'
130,3/24/2023,Avalanche: Dry Creek,Provo,Natural,12',200'
131,3/24/2023,Avalanche: Butler Fork,Salt Lake,Natural,,
132,3/24/2023,Avalanche: Memorials,Salt Lake,Natural,2.5',25'
133,3/24/2023,Avalanche: Neffs,Salt Lake,Skier,"6""",100'
134,3/24/2023,Avalanche: North Ogden Divide,Ogden,Skier,"20""",50'
135,3/24/2023,Avalanche: Porter Fork,Salt Lake,Natural,,
136,3/24/2023,Avalanche: Thomas Fork,Salt Lake,Natural,"12""",100'
137,3/24/2023,Avalanche: Great White Icicle,Salt Lake,,,
138,3/23/2023,Avalanche: Rainbow Peak,Salt Lake,Snowboarder,"14""",
139,3/23/2023,Avalanche: Microwave,Salt Lake,Skier,"12""",100'
140,3/23/2023,Avalanche: Canyons side country,Salt Lake,Skier,"12""",100'
141,3/23/2023,Avalanche: Aspen Grove,Provo,Skier,2',300'
142,3/23/2023,Avalanche: Microwave,Salt Lake,Skier,"6""",50'
143,3/23/2023,Avalanche: Upper Weber Canyon,Uintas,Skier,"10""",100'
144,3/23/2023,Avalanche: Logan Peak Area,Logan,Skier,"10""",25'
145,3/23/2023,Avalanche: Mt Olympus,Salt Lake,Natural,"5""",35'
146,3/22/2023,Avalanche: Moab,Moab,Natural,2',450'
147,3/22/2023,Avalanche: Moab,Moab,Natural,2',500'
148,3/22/2023,Avalanche: Moab,Moab,Natural,5',300'
149,3/22/2023,Avalanche: Moab,Moab,Natural,,
150,1/28/2023,Avalanche: Mill Hollow,Uintas,Skier,"18""",100'
151,1/27/2023,Avalanche: Dugway,Logan,Natural,,
152,1/27/2023,Avalanche: Cutler Ridge,Ogden,Natural,"12""",20'
153,1/27/2023,Avalanche: Bunnels,Provo,Skier,2',150'
154,1/27/2023,Avalanche: Mt Nebo Loop Road,Provo,Snowmobiler,"6""",100'
155,1/27/2023,Avalanche: Franklin Basin TH area,Logan,Skier,"8""",35'
156,1/27/2023,Avalanche: Ogden,Ogden,Skier,"12""",5'
157,1/26/2023,Avalanche: Little Superior,Salt Lake,Snowboarder,"18""",60'
158,1/26/2023,Avalanche: Provo Canyon,Provo,Natural,"15""",25'
159,1/26/2023,Avalanche: White Pine,Salt Lake,Unknown,,
160,1/26/2023,Avalanche: Thunder Ridge,Salt Lake,Skier,,
161,1/25/2023,Avalanche: Flagstaff Gully,Salt Lake,Skier,"10""",10'
162,1/25/2023,Avalanche: Brighton Perimeter,Salt Lake,Skier,"12""",25'
163,1/25/2023,Avalanche: Cold Water Canyon,Ogden,Unknown,3',200'
164,1/23/2023,Avalanche: Alpine Loop,Provo,Natural,,
165,1/23/2023,Avalanche: Flagstaff Ridge,Salt Lake,Skier,"5""",15'
166,1/23/2023,Avalanche: Soucies Ridge,Logan,Natural,"12""",45'
167,1/23/2023,Avalanche: Aspen Grove,Provo,Natural,,10'
168,1/23/2023,Avalanche: Snowbasin Backcountry,Ogden,Skier,"4""",70'
169,1/22/2023,Avalanche: Cardiac Bowl,Salt Lake,Skier,"8""",100'
170,1/21/2023,Avalanche: Long John Silver,Salt Lake,Natural,,
171,1/21/2023,Avalanche: Coalpit,Salt Lake,Skier,"12""",20'
172,1/21/2023,Avalanche: Birthday Chutes,Salt Lake,Skier,3',50'
173,1/21/2023,Avalanche: Tut Creek,Uintas,Skier,"4""",40'
174,1/21/2023,Avalanche: South Fork Lake Canyon,Skyline,Natural,"8""",250'
175,1/21/2023,"Avalanche: Mt. Magog, South Ridge",Logan,Skier,"2""",15'
176,1/20/2023,Avalanche: Hogum Hogback,Salt Lake,Snowboarder,"18""",30'
177,1/20/2023,Avalanche: Whiskey Hill,Ogden,Snowmobiler,2.5',125'
178,1/18/2023,Avalanche: UFO Bowls,Provo,Natural,"3""",200'
179,1/18/2023,Avalanche: Moab,Moab,Unknown,,300'
180,1/18/2023,Avalanche: Big Cottonwood Canyon,Salt Lake,Natural,"7""",5'
181,1/17/2023,Avalanche: Aspen Grove,Provo,Natural,,500'
182,1/17/2023,Avalanche: Miner's Basin,Moab,Natural,4',400'
183,1/17/2023,Avalanche: Brighton Perimeter,Salt Lake,Natural,"18""",
184,1/16/2023,Avalanche: Little Superior,Salt Lake,Skier,"6""",30'
185,1/16/2023,Avalanche: Days Fork,Salt Lake,Skier,"18""",20'
186,1/16/2023,Avalanche: Ogden Canyon,Ogden,Natural,2',20'
187,1/16/2023,"Avalanche: Tony Grove Lake, North",Logan,Snowmobiler,"6""",25'
188,1/16/2023,Avalanche: Thomas Fork,Salt Lake,Skier,"12""",50'
189,1/16/2023,Avalanche: Salt Lake foothills,Salt Lake,Natural,"6""",50'
190,1/16/2023,Avalanche: Lambs Canyon,Salt Lake,Natural,"4""",20'
191,1/15/2023,Avalanche: Park City Ridgeline,Salt Lake,Skier,"6""",20'
192,1/15/2023,Avalanche: Mineral Fork,Salt Lake,Skier,"6""",20'
193,1/15/2023,Avalanche: Reynolds Pk,Salt Lake,Skier,"10""",30'
194,1/15/2023,Avalanche: Murdock Peak,Salt Lake,Skier,"8""",600'
195,1/15/2023,Avalanche: Memorials,Salt Lake,Skier,"8""",
196,1/15/2023,Avalanche: Sunset Peak,Salt Lake,Skier,"8""",50'
197,1/15/2023,Avalanche: Dog Lake area,Salt Lake,Snowboarder,"6""",40'
198,1/15/2023,Avalanche: Neffs,Salt Lake,Unknown,"4""",20'
199,1/15/2023,Avalanche: Timpanogos,Provo,Natural,,500'
200,4/23/2022,Avalanche: Park City Ridgeline,Salt Lake,Snowmobiler,"3""",50'
201,4/23/2022,Avalanche: Days Fork,Salt Lake,Skier,"20""",50'
202,4/23/2022,Avalanche: Maybird Gulch,Salt Lake,Natural,"18""",300'
203,4/22/2022,Avalanche: Wolverine Cirque,Salt Lake,Skier,"6""",30'
204,4/20/2022,Avalanche: Blue Slide Fork,Skyline,Natural,3.5',400'
205,4/20/2022,Avalanche: Lanes Leap,Salt Lake,Snowboarder,"3""",20'
206,4/16/2022,Avalanche: Millville Peak,Logan,Unknown,"20""",100'
207,4/16/2022,Avalanche: Wolverine Cirque,Salt Lake,Natural,,
208,4/15/2022,Avalanche: Murdock Peak,Salt Lake,Natural,"5""",100'
209,4/15/2022,Avalanche: Murdock Peak,Salt Lake,Natural,"5""",100'
210,4/15/2022,Avalanche: White Pine Canyon,Logan,Snowmobiler,2',"1,000'"
211,4/15/2022,Avalanche: Depth Hoar Bowl,Salt Lake,Natural,"6""",500'
212,4/15/2022,Avalanche: Rocky Point,Salt Lake,Skier,"5""",
213,4/15/2022,Avalanche: East Bowl,Salt Lake,Skier,"6""",30'
214,4/14/2022,Avalanche: Lower Weber Drainage,Uintas,,"14""",175'
215,4/14/2022,Avalanche: Birthday Chutes,Salt Lake,Skier,"12""",70'
216,4/13/2022,Avalanche: Bear River Range,Logan,Skier,"12""",25'
217,4/12/2022,Avalanche: Wolverine Cirque,Salt Lake,Skier,"9""",30'
218,4/12/2022,Avalanche: Scotties Bowl,Salt Lake,Snowboarder,"12""",70'
219,4/12/2022,Avalanche: Scotties Bowl,Salt Lake,Skier,"11""",30'
220,4/12/2022,Avalanche: Two Dogs,Salt Lake,Skier,"18""",50'
221,4/11/2022,Avalanche: Moffit Peak,Uintas,Natural,8',150'
222,4/8/2022,Avalanche: Pine Canyon,Logan,Natural,,
223,4/8/2022,Avalanche: Diving Board,Salt Lake,Natural,,
224,4/6/2022,Avalanche: Silver Fork Headwall,Salt Lake,Natural,,
225,4/5/2022,Avalanche: Catchers Mit,Salt Lake,Natural,,
226,4/5/2022,Avalanche: North Fork,Ogden,Unknown,"9""",700'
227,4/2/2022,Avalanche: Jordan Canyon,Skyline,Snowmobiler,4',400'
228,4/2/2022,Avalanche: Spring Creek,Skyline,Snowmobiler,"12""",200'
229,4/2/2022,Avalanche: Little Superior,Salt Lake,Skier,"3""",10'
230,3/31/2022,Avalanche: Little Water,Salt Lake,Natural,,100'
231,3/30/2022,Avalanche: Raymond Peak,Salt Lake,,,
232,3/30/2022,Avalanche: Murdock Peak,Salt Lake,Natural,"8""",200'
233,3/29/2022,Avalanche: Banana Days,Salt Lake,,,
234,3/28/2022,Avalanche: Logan Peak Area,Logan,Natural,,
235,3/28/2022,Avalanche: Salt Lake,Salt Lake,Unknown,,
236,3/28/2022,Avalanche: Pine Canyon,Logan,Natural,,
237,3/28/2022,"Avalanche: Drop in, Drop out",Logan,Natural,,
238,3/27/2022,Avalanche: Zanavoo Gully,Logan,Natural,,
239,3/27/2022,Avalanche: Tony Grove,Logan,Natural,,
240,3/27/2022,Avalanche: Broads Fork,Salt Lake,Natural,,
241,3/27/2022,Avalanche: Cascade,Provo,Natural,"18""",200'
242,3/27/2022,Avalanche: Wellsville Cone,Logan,Natural,,
243,3/27/2022,Avalanche: Pine Canyon,Logan,Natural,,
244,3/27/2022,Avalanche: Moab,Moab,Natural,,
245,3/27/2022,Avalanche: Shumway Canyon,Logan,Natural,3',100'
246,3/27/2022,Avalanche: Santaquin Canyon,Provo,,"20""",60'
247,3/27/2022,Avalanche: Little Cottonwood Canyon,Salt Lake,Natural,,
248,3/27/2022,Avalanche: Shingle Peak,Uintas,Natural,"14""",100'
249,3/27/2022,Avalanche: Provo,Provo,Natural,,
250,4/17/2021,Avalanche: Superior,Salt Lake,Snowboarder,"10""",250'
251,4/17/2021,Avalanche: Timpanogos,Provo,Skier,"12""",30'
252,4/17/2021,Avalanche: Mineral Fork,Salt Lake,Skier,"6""",150'
253,4/17/2021,Avalanche: Maybird Gulch,Salt Lake,Skier,"12""",60'
254,4/16/2021,Avalanche: Y Coulior,Salt Lake,Unknown,,25'
255,4/16/2021,Avalanche: Mineral Fork,Salt Lake,Skier,"12""",30'
256,4/15/2021,Avalanche: East Bowl,Salt Lake,Skier,"20""",60'
257,4/15/2021,Avalanche: West Porter,Salt Lake,Skier,"12""",40'
258,4/14/2021,Avalanche: Days Draw,Salt Lake,Natural,"18""",200'
259,4/14/2021,Avalanche: Two Dogs,Salt Lake,Skier,"16""",50'
260,4/14/2021,Avalanche: Pink Pine,Salt Lake,Skier,"11""",20'
261,4/14/2021,Avalanche: Scotties Bowl,Salt Lake,Skier,"12""",80'
262,4/14/2021,Avalanche: 10420,Salt Lake,Natural,"12""",40'
263,4/14/2021,Avalanche: Grizzly Gulch,Salt Lake,Unknown,"12""",200'
264,4/14/2021,Avalanche: Grizzly Gulch,Salt Lake,Unknown,"12""",100'
265,4/14/2021,Avalanche: Hells Canyon,Ogden,Snowboarder,"12""",
266,4/14/2021,Avalanche: Guardsman Pass area,Salt Lake,Skier,"18""",150'
267,4/14/2021,Avalanche: Thousand Turns Gulley,Salt Lake,Natural,"6""",200'
268,4/10/2021,Avalanche: Hogum,Salt Lake,Natural,6',150'
269,4/9/2021,Avalanche: Diving Board,Salt Lake,Natural,,200'
270,4/8/2021,Avalanche: Diving Board,Salt Lake,Natural,5',100'
271,4/7/2021,Avalanche: Blue Ice,Salt Lake,Natural,10',300'
272,4/7/2021,Avalanche: Red Top,Salt Lake,Natural,,
273,4/7/2021,Avalanche: Red Pine Gulch,Salt Lake,Natural,,
274,4/6/2021,Avalanche: Reynolds East Face,Salt Lake,Skier,"12""",60'
275,4/6/2021,Avalanche: Figure 8 Hill,Salt Lake,Unknown,"8""",15'
276,4/6/2021,Avalanche: Tri Chutes,Salt Lake,Natural,2',150'
277,4/4/2021,Avalanche: Lone Peak,Salt Lake,Natural,,
278,4/4/2021,Avalanche: Moab,Moab,Unknown,4',300'
279,4/4/2021,Avalanche: Drop In-Drop Out,Logan,Natural,,90'
280,4/4/2021,Avalanche: Timpanogos,Provo,Natural,"18""",
281,4/2/2021,Avalanche: Mill B South,Salt Lake,Unknown,,15'
282,4/2/2021,Avalanche: Timpanogos,Provo,Natural,"6""",20'
283,4/1/2021,Avalanche: Wellsville Mountain Wilderness,Logan,Natural,"12""",200'
284,3/31/2021,Avalanche: Mt Raymond,Salt Lake,Skier,"6""",25'
285,3/31/2021,Avalanche: West Monitor,Salt Lake,Natural,"6""",40'
286,3/30/2021,Avalanche: Silver Fork,Salt Lake,Natural,"12""",50'
287,3/29/2021,Avalanche: Ogden Mountains,Ogden,Natural,,
288,3/29/2021,Avalanche: Cardiff Pass,Salt Lake,Natural,,200'
289,3/28/2021,Avalanche: Flagstaff Gully,Salt Lake,Snowboarder,,35'
290,3/28/2021,Avalanche: Maybird Gulch,Salt Lake,,"12""",35'
291,3/28/2021,Avalanche: Room of Doom,Salt Lake,Natural,"3""",25'
292,3/28/2021,Avalanche: Mill B South,Salt Lake,Natural,,
293,3/28/2021,Avalanche: Chute Camp Site,Skyline,Natural,"18""",200'
294,3/27/2021,Avalanche: Monitors,Salt Lake,Skier,"4""",50'
295,3/27/2021,Avalanche: Salt Lake Twins,Salt Lake,Skier,"8""",30'
296,3/27/2021,Avalanche: Folly,Logan,Skier,,100'
297,3/27/2021,Avalanche: Ant Knolls,Salt Lake,Snowmobiler,,
298,3/27/2021,Avalanche: Elk Point,Provo,Unknown,"6""",200'
299,3/27/2021,Avalanche: Tanners Gulch,Salt Lake,Natural,,
300,1/30/2021,Avalanche: Upper Spring Hollow,Logan,Skier,"18""",
301,1/30/2021,Avalanche: Down and Out,Salt Lake,Natural,"16""",100'
302,1/30/2021,Avalanche: West Monitor,Salt Lake,Natural,2',100'
303,1/30/2021,Avalanche: Lackawaxen Lake,Salt Lake,Natural,3',"1,000'"
304,1/30/2021,Avalanche: Scotts Bowl,Salt Lake,Natural,,125'
305,1/30/2021,Avalanche: Cherry Hill,Uintas,Skier,2.5',125'
306,1/30/2021,Avalanche: Castle Rock,Logan,Natural,3',"1,000'"
307,1/30/2021,Avalanche: Yamaha Hill,Uintas,Snowmobiler,4',300'
308,1/30/2021,Avalanche: Upper Mill Creek,Salt Lake,Skier,2',80'
309,1/30/2021,Avalanche: Cardiff Pass,Salt Lake,Natural,,200'
310,1/30/2021,Avalanche: Banana Days,Salt Lake,Natural,3',500'
311,1/30/2021,Avalanche: west porter,Salt Lake,Natural,3',500'
312,1/30/2021,Avalanche: Two Dogs,Salt Lake,Unknown,"2""",25'
313,1/30/2021,Avalanche: Doubletop Mountain,Logan,Snowmobiler,3',200'
314,1/30/2021,Avalanche: West Scotties,Salt Lake,Natural,,150'
315,1/30/2021,Avalanche: Wilson Chutes,Salt Lake,Unknown,,
316,1/30/2021,Avalanche: Grizzly Gulch,Salt Lake,Snowboarder,"2""",20'
317,1/30/2021,Avalanche: Southwest,Southwest,Natural,"14""",100'
318,1/30/2021,Avalanche: Moab,Moab,Natural,"10""",50'
319,1/30/2021,Avalanche: Bowman Fork,Salt Lake,Skier,2.5',100'
320,1/30/2021,Avalanche: Blind Fork,Skyline,Natural,"20""",125'
321,1/30/2021,Avalanche: Scott Hill,Salt Lake,Natural,,125'
322,1/30/2021,Avalanche: White Pine,Salt Lake,Natural,3',150'
323,1/30/2021,Avalanche: Upper Horse Creek,Moab,Skier,3',
324,1/30/2021,Avalanche: Bowman Fork,Salt Lake,Natural,4',150'
325,1/30/2021,Avalanche: Gravel Pit Lanes,Moab,Natural,3',600'
326,1/30/2021,Avalanche: White Pine,Salt Lake,Natural,,100'
327,1/30/2021,Avalanche: Humpy Bowl,Uintas,Snowmobiler,2',250'
328,1/30/2021,Avalanche: Little Water,Salt Lake,Natural,2',
329,1/30/2021,Avalanche: Columbine Bowl,Salt Lake,Natural,,
330,1/30/2021,Avalanche: South Monitor Bowl,Salt Lake,Natural,,
331,1/30/2021,Avalanche: Silver Creek,Provo,Natural,2.5',"1,500'"
332,1/30/2021,Accident: Main Gobblers,Salt Lake,Skier,3.5',350'
333,1/30/2021,Avalanche: LeBaron Lake,Southwest,Snowmobiler,"12""",25'
334,1/30/2021,Avalanche: Box Elder,Provo,,,
335,1/30/2021,Avalanche: Duke Bowl,Uintas,Skier,"18""",500'
336,1/30/2021,Avalanche: White Pine,Salt Lake,,,
337,1/30/2021,Avalanche: Primrose Cirque,Provo,Natural,2',150'
338,1/30/2021,Avalanche: Timpanogos,Provo,Natural,,
339,1/30/2021,Avalanche: Red Rock Chutes,Salt Lake,Unknown,3',300'
340,1/30/2021,Avalanche: Highline,Salt Lake,Skier,2',200'
341,1/30/2021,Accident: Squaretop,Salt Lake,Skier,2',125'
342,1/30/2021,"Avalanche: Providence Peak, East Face",Logan,Natural,2',400'
343,1/29/2021,Avalanche: Butler Basin,Salt Lake,Natural,2.5',100'
344,1/29/2021,Avalanche: Little Superior,Salt Lake,Natural,,200'
345,1/29/2021,Avalanche: Morning Glory,Logan,Natural,,900'
346,1/29/2021,Avalanche: Silver Fork Headwall,Salt Lake,Natural,,
347,1/29/2021,Avalanche: Lake Creek,Uintas,Snowmobiler,,150'
348,1/29/2021,Avalanche: Lake Creek,Uintas,Snowmobiler,,400'
349,1/29/2021,Avalanche: Lake Creek,Uintas,Unknown,,
350,3/6/2020,Avalanche: Miller Hill,Provo,Skier,,15'
351,3/6/2020,Avalanche: River Chutes,Logan,Natural,"6""",50'
352,3/4/2020,Avalanche: Tuscarora,Salt Lake,Snowboarder,"4""",30'
353,3/3/2020,Avalanche: Moab,Moab,Snowboarder,"8""",35'
354,3/2/2020,Avalanche: Cornice Ridge,Logan,Snowmobiler,"6""",50'
355,3/2/2020,Avalanche: Moab,Moab,Natural,,
356,3/2/2020,Avalanche: Superior,Salt Lake,Skier,"3""",10'
357,3/2/2020,Avalanche: East Bowl,Salt Lake,Skier,"5""",20'
358,3/2/2020,Avalanche: Cardiac Ridge,Salt Lake,Skier,"4""",20'
359,3/2/2020,Avalanche: Hellgate,Salt Lake,Skier,"2""",50'
360,3/2/2020,Avalanche: Preston Peak,Salt Lake,Snowboarder,"7""",50'
361,3/2/2020,Avalanche: Gobblers,Salt Lake,Skier,"4""",20'
362,3/2/2020,Avalanche: Days Fork,Salt Lake,Skier,"3""",25'
363,3/2/2020,Avalanche: Days Fork,Salt Lake,Skier,"5""",40'
364,3/2/2020,Avalanche: Crow's Feet,Salt Lake,Skier,"5""",20'
365,3/1/2020,Avalanche: Argenta,Salt Lake,Skier,"6""",40'
366,2/25/2020,Avalanche: North Ogden Divide,Ogden,Skier,,10'
367,2/24/2020,Avalanche: Raymond Peak,Salt Lake,Natural,,
368,2/24/2020,Avalanche: Logan,Logan,Skier,,40'
369,2/23/2020,Avalanche: Blue Cut,Skyline,Natural,"10""",70'
370,2/23/2020,Avalanche: Forks of the Huntington,Skyline,Natural,"10""",70'
371,2/22/2020,Avalanche: UFO Bowls,Provo,Natural,"5""",40'
372,2/22/2020,Avalanche: Mt Olympus,Salt Lake,Natural,,
373,2/22/2020,Avalanche: Cutler Ridge,Ogden,Natural,,
374,2/21/2020,Avalanche: Coalpit,Salt Lake,Skier,,35'
375,2/21/2020,Avalanche: Hogum,Salt Lake,Skier,"18""",30'
376,2/20/2020,Avalanche: Raymond Glade,Salt Lake,Snowboarder,"8""",70'
377,2/20/2020,Avalanche: Uintas,Uintas,Unknown,,45'
378,2/20/2020,Avalanche: Cougar Peak,Logan,Skier,"6""",20'
379,2/18/2020,Avalanche: Duchesne Ridge,Uintas,Snowmobiler,2',70'
380,2/18/2020,Avalanche: Holy Moly,Salt Lake,Skier,"6""",90'
381,2/18/2020,Avalanche: Birthday Chutes,Salt Lake,Skier,"10""",20'
382,2/17/2020,Avalanche: Boiler Bowl,Logan,Skier,"12""",100'
383,2/17/2020,Avalanche: Session Mountains,Salt Lake,Snowmobiler,"10""",150'
384,2/17/2020,Avalanche: Toledo Bowl,Salt Lake,Natural,"18""",800'
385,2/17/2020,Avalanche: Flagstaff Gully,Salt Lake,Skier,"8""",100'
386,2/17/2020,Accident: Ogden,Ogden,Skier,"12""",250'
387,2/17/2020,Avalanche: Raymond Peak,Salt Lake,Natural,"17""",
388,2/17/2020,Avalanche: South Wood Camp,Logan,Natural,,500'
389,2/17/2020,Avalanche: Patsy Marly,Salt Lake,Skier,"8""",50'
390,2/17/2020,Avalanche: Beaver Mountain Backside,Logan,Skier,"8""",35'
391,2/17/2020,Avalanche: Box Elder,Provo,Unknown,,100'
392,2/17/2020,Avalanche: Green Slope,Salt Lake,Skier,"18""",100'
393,2/17/2020,Avalanche: Reed and Benson Ridge,Salt Lake,Skier,"20""",100'
394,2/17/2020,Avalanche: Sunset Peak,Salt Lake,Skier,"12""",100'
395,2/17/2020,Avalanche: Cutler Ridge,Ogden,Skier,"12""",300'
396,2/17/2020,Avalanche: Cardiff Pass,Salt Lake,Natural,2',
397,2/17/2020,Avalanche: Gobblers Knob,Salt Lake,Natural,,800'
398,2/17/2020,Avalanche: Snake Creek,Salt Lake,,,
399,2/17/2020,Avalanche: Naomi Trail,Logan,Snowmobiler,"14""",80'
400,3/13/2019,Avalanche: Abajos,Abajos,Natural,2',100'
401,3/13/2019,Avalanche: Dory Canyon,Moab,Natural,,900'
402,3/13/2019,Avalanche: Talking Mountain Cirque,Moab,Natural,,500'
403,3/13/2019,Avalanche: Gold Basin,Moab,Natural,,"1,500'"
404,3/13/2019,Avalanche: Moab,Moab,Natural,4',50'
405,3/13/2019,Avalanche: Exxons Folley,Moab,Natural,,"1,500'"
406,3/13/2019,Avalanche: South Mountain,Moab,Natural,,500'
407,3/13/2019,Avalanche: Noriega Face,Moab,Natural,,"1,500'"
408,3/13/2019,Avalanche: Middle Cirque,Moab,Natural,,500'
409,3/11/2019,Avalanche: Wolverine Cirque,Salt Lake,Snowboarder,"8""",30'
410,3/11/2019,Avalanche: Banana Days,Salt Lake,Unknown,"2""",100'
411,3/11/2019,Avalanche: Mineral Fork,Salt Lake,Natural,,20'
412,3/11/2019,Avalanche: Room of Doom,Salt Lake,Skier,"8""",30'
413,3/10/2019,Avalanche: Tri Chutes,Salt Lake,Skier,"14""",50'
414,3/9/2019,Avalanche: White Pine Canyon,Logan,Snowmobiler,2',250'
415,3/9/2019,Avalanche: Mitton Peak,Logan,Natural,,
416,3/9/2019,Avalanche: South Monitor Bowl,Salt Lake,Skier,"12""",40'
417,3/9/2019,Avalanche: West Willow,Salt Lake,Skier,2',300'
418,3/9/2019,Avalanche: Boss Canyon,Logan,Snowmobiler,2',200'
419,3/9/2019,Avalanche: Snowbasin Backcountry,Ogden,Skier,"18""",
420,3/8/2019,Avalanche: Brighton Perimeter,Salt Lake,Snowboarder,"6""",200'
421,3/8/2019,Avalanche: Brighton Perimeter,Salt Lake,Skier,"14""",80'
422,3/8/2019,Avalanche: Slide Canyon,Provo,Unknown,,
423,3/8/2019,Avalanche: Cutler Ridge,Ogden,Skier,2',100'
424,3/8/2019,Avalanche: Rock Bowl,Logan,Natural,"8""",50'
425,3/8/2019,Avalanche: Cardiff Pass,Salt Lake,Skier,"21""",
426,3/8/2019,Avalanche: Above Treeline - NE face Pre-Laurel Pk.,Moab,Natural,6',"2,500'"
427,3/7/2019,Avalanche: Rocky Point,Salt Lake,Skier,"8""",30'
428,3/7/2019,Avalanche: Jaws,Salt Lake,Skier,"8""",
429,3/7/2019,Avalanche: Logan River below Temple Fork,Logan,Natural,,100'
430,3/7/2019,Avalanche: Tony Grove Lake,Logan,Natural,"12""",200'
431,3/7/2019,Avalanche: Dougs Drop,Salt Lake,Skier,"7""",125'
432,3/7/2019,Avalanche: Silver/Days,Salt Lake,Skier,"10""",80'
433,3/7/2019,Avalanche: Back Bowls,Salt Lake,Skier,2',300'
434,3/7/2019,Avalanche: Benson and Hedges,Salt Lake,Skier,"16""",30'
435,3/7/2019,Avalanche: Lake Peak,Salt Lake,Skier,"12""","2,500'"
436,3/7/2019,Avalanche: South Monitor Bowl,Salt Lake,Natural,"10""",300'
437,3/7/2019,Avalanche: White Pine,Salt Lake,Natural,"20""",300'
438,3/7/2019,Avalanche: Meadow Fork,Skyline,Natural,3',250'
439,3/6/2019,Avalanche: Patsy Marly,Salt Lake,,"16""",45'
440,3/6/2019,Avalanche: Elk Point,Provo,Natural,,
441,3/6/2019,Avalanche: Y Coulior,Salt Lake,Natural,,
442,3/6/2019,Avalanche: Chute Camp Site,Skyline,Natural,,
443,3/5/2019,Avalanche: Caribou Basin,Salt Lake,Snowmobiler,2.5',
444,3/5/2019,Avalanche: Niotche Creek,Southwest,Snowmobiler,10',800'
445,3/4/2019,Avalanche: Mineral Basin,Salt Lake,Natural,"4""",
446,3/4/2019,Avalanche: Silver Fork,Salt Lake,Unknown,"4""",
447,3/4/2019,Avalanche: Superior,Salt Lake,Natural,"4""",60'
448,3/4/2019,Avalanche: Catchers Mit,Salt Lake,Skier,"6""",20'
449,3/4/2019,Avalanche: Summit Park,Salt Lake,Skier,"10""",80'
450,4/2/2018,Avalanche: Timberlakes,Uintas,Snowmobiler,2',70'
451,4/2/2018,Avalanche: Silver Fork Headwall,Salt Lake,Unknown,2.5',80'
452,4/2/2018,Avalanche: Shumway Canyon,Logan,Natural,"10""",100'
453,4/1/2018,Avalanche: Upper Pine Canyon,Logan,Natural,"12""",200'
454,3/31/2018,Avalanche: Timpanogos,,,,
455,3/31/2018,Avalanche: Box Elder,Provo,Natural,,400'
456,3/28/2018,Avalanche: Scotties Notch,Salt Lake,Skier,"6""",25'
457,3/28/2018,Avalanche: Ephraim Canyon,Skyline,Snow Bike,"18""",
458,3/26/2018,Avalanche: White Pine,Salt Lake,Natural,,
459,3/24/2018,Avalanche: Silver Fork,Salt Lake,Natural,,50'
460,3/24/2018,Avalanche: Double Hill,Uintas,Snowmobiler,,200'
461,3/24/2018,Avalanche: Double Hill,Uintas,Snowmobiler,,
462,3/24/2018,"Avalanche: North Fork, Shumway Canyon",Logan,Natural,3.5',300'
463,3/24/2018,Avalanche: Wellsville Mountain Wilderness,Logan,Natural,,
464,3/23/2018,Avalanche: Two Dogs,Salt Lake,Natural,4',500'
465,3/23/2018,Avalanche: Moffit Basin,Uintas,Skier,4',800'
466,3/23/2018,Avalanche: Mitton Peak,Logan,Natural,"12""",50'
467,3/23/2018,Avalanche: Upper Weber Canyon,Uintas,Natural,,
468,3/23/2018,Avalanche: Little Cottonwood Canyon,Salt Lake,Explosive,,
469,3/23/2018,Avalanche: Slide Canyon,Provo,Explosive,3.5',"2,500'"
470,3/23/2018,Avalanche: Pioneer Ridge,Salt Lake,,,
471,3/23/2018,Avalanche: Diving Board,Salt Lake,Natural,10',500'
472,3/23/2018,Avalanche: Willard Peak,Ogden,,,
473,3/22/2018,Avalanche: Cascade Cirque,Provo,Natural,"15""","1,500'"
474,3/22/2018,Avalanche: Mt Olympus,Salt Lake,,,80'
475,3/22/2018,Avalanche: Y-Not Couloir,Salt Lake,Natural,,
476,3/22/2018,Avalanche: Little Cottonwood Canyon,Salt Lake,,,
477,3/22/2018,Avalanche: Hide A Way Park,Salt Lake,Unknown,,
478,3/21/2018,Avalanche: Whitney Basin,Uintas,Skier,"18""",60'
479,3/19/2018,Avalanche: Moab,Moab,Natural,"12""",40'
480,3/19/2018,Avalanche: Timpanogos,,Natural,,600'
481,3/18/2018,Avalanche: North Pine Canyon,Logan,Natural,3',200'
482,3/17/2018,Avalanche: Emma Ridges,Salt Lake,Snowboarder,"8""",20'
483,3/17/2018,Avalanche: Squaretop,Salt Lake,Skier,"12""",40'
484,3/17/2018,Avalanche: Upper Days,Salt Lake,Skier,3.5',80'
485,3/17/2018,Avalanche: Millicent Peak,Salt Lake,Snowboarder,4',150'
486,3/16/2018,Avalanche: Salt Lake,Salt Lake,Natural,"20""",200'
487,3/16/2018,Avalanche: Salt Lake,Salt Lake,Natural,2',100'
488,3/16/2018,Avalanche: Claytons,Salt Lake,Snowmobiler,2.5',40'
489,3/15/2018,Avalanche: Phone Shot,Skyline,Snow Bike,4',800'
490,3/13/2018,Avalanche: Cascade Ridge,Provo,Natural,2',150'
491,3/12/2018,Accident: Little Pine,Salt Lake,Natural,,
492,3/11/2018,Avalanche: Providence Canyon,Logan,Natural,"12""",25'
493,3/11/2018,Avalanche: Guardsman Pass area,Salt Lake,Snowmobiler,5',350'
494,3/11/2018,Avalanche: Mill Hollow,Uintas,Snowmobiler,2',
495,3/11/2018,Avalanche: 3 Terraces,Logan,Unknown,2',100'
496,3/10/2018,Avalanche: First Cornice,Salt Lake,Snowmobiler,,
497,3/9/2018,Avalanche: North Fork Lake Canyon,Skyline,Snowmobiler,3.5',350'
498,3/8/2018,Accident: Kessler Peak,Salt Lake,Skier,4',600'
499,3/8/2018,Avalanche: Rock Canyon,Provo,,,
500,2/7/2017,Avalanche: Wolverine Cirque,Salt Lake,Natural,,250'
501,2/7/2017,Avalanche: Wolverine Cirque,Salt Lake,Natural,"7""",70'
502,2/7/2017,Avalanche: Hells Canyon,Ogden,Natural,,
503,2/7/2017,Avalanche: Dugway,Logan,Natural,"12""",100'
504,2/7/2017,Avalanche: Scotts Peak,Salt Lake,Natural,,
505,2/7/2017,Avalanche: Upper Weber Canyon,Uintas,Skier,2',100'
506,2/7/2017,Avalanche: Doughnut Falls,Salt Lake,Snowboarder,"12""",175'
507,2/7/2017,Avalanche: Reynolds Pk,Salt Lake,Natural,,100'
508,2/6/2017,Avalanche: Diving Board,Salt Lake,Natural,5',100'
509,2/5/2017,Avalanche: Logan River,Logan,Natural,"12""",50'
510,2/4/2017,Avalanche: Oquirrhs,,Natural,"8""",15'
511,2/4/2017,Avalanche: Diving Board,Salt Lake,Natural,,
512,2/4/2017,Avalanche: LSB North,Salt Lake,Skier,"10""",50'
513,2/4/2017,Avalanche: Dugway,Logan,Natural,"12""",50'
514,2/3/2017,Avalanche: Cowley Canyon,Logan,Natural,,100'
515,2/3/2017,Avalanche: Lake Mary Chutes,Salt Lake,Skier,"7""",30'
516,2/3/2017,Avalanche: Bonkers,Salt Lake,Natural,3',60'
517,2/3/2017,Avalanche: Upper Weber Canyon,Uintas,Skier,"16""",300'
518,2/2/2017,Avalanche: Bonkers,Salt Lake,Natural,"18""",40'
519,2/1/2017,Avalanche: Mirror Lake Highway,Uintas,Skier,,
520,1/31/2017,Avalanche: Summit Park,Salt Lake,Skier,"19""",200'
521,1/31/2017,Avalanche: Box Elder,Provo,Natural,,
522,1/30/2017,Avalanche: Provo,Provo,,,
523,1/29/2017,Avalanche: Timpanogos,,,,
524,1/29/2017,Avalanche: White Pine,Salt Lake,Natural,,50'
525,1/29/2017,Avalanche: Hoyt Peak,Uintas,Snowboarder,"16""",175'
526,1/29/2017,Avalanche: Murdock Peak,Salt Lake,Skier,2',125'
527,1/29/2017,Avalanche: Tolgate Canyon,Salt Lake,Skier,,
528,1/29/2017,Avalanche: Tolgate Canyon,Salt Lake,Skier,"18""",70'
529,1/28/2017,Avalanche: Toledo Chutes,Salt Lake,Skier,2',10'
530,1/27/2017,Avalanche: Brigham City Foothills,Logan,,,300'
531,1/27/2017,Avalanche: Summit Park,Salt Lake,Skier,4',100'
532,1/27/2017,Avalanche: Sound of Music,Salt Lake,Skier,2.5',400'
533,1/27/2017,Avalanche: Cardiac Ridge,Salt Lake,Natural,"12""",70'
534,1/27/2017,Avalanche: Murdock Peak,Salt Lake,Skier,2',800'
535,1/27/2017,Avalanche: Lambs Canyon,,Snowboarder,2',80'
536,1/27/2017,Avalanche: Mary Ellen,Salt Lake,Skier,"12""",80'
537,1/27/2017,Avalanche: Ephraim Canyon,Skyline,Natural,"16""",100'
538,1/27/2017,Avalanche: Little Superior,Salt Lake,Unknown,"18""",45'
539,1/27/2017,Avalanche: Summit Park,Salt Lake,Skier,"18""",30'
540,1/27/2017,Avalanche: PC Iron Mountain,Salt Lake,Skier,,
541,1/27/2017,Avalanche: Flat Bottom Canyon,Logan,,,300'
542,1/26/2017,Avalanche: Wolf Creek Pass,Uintas,Snowmobiler,2',150'
543,1/26/2017,Avalanche: South Tony Grove,Logan,Snowboarder,2.5',20'
544,1/26/2017,Avalanche: Providence Quarry,Logan,Unknown,2',80'
545,1/25/2017,Avalanche: Foothills west of Newton,Logan,Natural,2',200'
546,1/25/2017,Avalanche: Upper Weber Canyon,Uintas,Skier,3',175'
547,1/25/2017,Accident: Mt Aire,Salt Lake,Skier,"20""",200'
548,1/24/2017,Avalanche: Hoyt Peak,Uintas,Natural,,250'
549,1/24/2017,Avalanche: Park City area mountians,,Skier,2.5',150'
550,1/15/2016,Avalanche: Two Dogs,Salt Lake,Skier,"18""",40'
551,1/13/2016,Avalanche: Maybird Gulch,Salt Lake,Natural,"10""",40'
552,1/13/2016,Avalanche: Cardiac Bowl,Salt Lake,Natural,,
553,1/12/2016,Avalanche: Emma Ridges,Salt Lake,Natural,"6""",50'
554,1/11/2016,Avalanche: Dry Fork of AF,Salt Lake,Skier,"14""",100'
555,1/11/2016,Avalanche: Wolverine,Salt Lake,Skier,,150'
556,1/11/2016,Avalanche: Bear River Range,Logan,,,
557,1/10/2016,Avalanche: Two Dogs,Salt Lake,Skier,"13""",
558,1/10/2016,Avalanche: Upper Days,Salt Lake,Skier,,200'
559,1/10/2016,Avalanche: Red Baldy,Salt Lake,,,
560,1/10/2016,Avalanche: Days Fork,Salt Lake,Skier,"1""",40'
561,1/10/2016,Avalanche: Crow Chute,Salt Lake,Skier,"10""",20'
562,1/9/2016,Avalanche: Argenta,Salt Lake,Snowboarder,"12""",30'
563,1/9/2016,Avalanche: Holy Toledo,Salt Lake,Skier,"12""",40'
564,1/8/2016,Avalanche: Timpanogos,,Unknown,,
565,1/8/2016,Avalanche: Toledo Bowl,Salt Lake,Natural,"10""",
566,1/8/2016,Avalanche: Weber Canyon,Uintas,Skier,"14""",30'
567,1/8/2016,Avalanche: Stupid Chute,Salt Lake,Natural,"20""",60'
568,1/7/2016,Avalanche: Superior,Salt Lake,Skier,"6""",50'
569,1/7/2016,Avalanche: Meadows,Salt Lake,Skier,2.5',50'
570,1/7/2016,Avalanche: Little Superior,Salt Lake,Skier,"12""",50'
571,1/2/2016,Avalanche: Murdock Pk,Salt Lake,Skier,8',200'
572,1/1/2016,Avalanche: Little Water,Salt Lake,Unknown,3',250'
573,1/1/2016,Avalanche: Cardiac Ridge,Salt Lake,,,
574,1/1/2016,Avalanche: Provo Canyon,Provo,,,
575,1/1/2016,Avalanche: Skyline,Skyline,,,
576,1/1/2016,Avalanche: Millville Peak,Logan,Skier,"12""",50'
577,1/1/2016,Avalanche: East Bowl,Salt Lake,Unknown,,500'
578,1/1/2016,Avalanche: Shot Gun Chute,Provo,Skier,"18""",40'
579,1/1/2016,Avalanche: Mineral Fork,Salt Lake,Skier,"5""",50'
580,1/1/2016,Avalanche: Honeycomb,Salt Lake,Skier,,500'
581,1/1/2016,Avalanche: Dry Creek,Provo,Skier,2',35'
582,1/1/2016,Avalanche: Cardiac Bowl,Salt Lake,Skier,"6""",
583,1/1/2016,Avalanche: Central Wood Camp Bowls,Logan,Natural,"12""",80'
584,1/1/2016,Avalanche: Provo Canyon,Provo,,,
585,1/1/2016,Avalanche: Salt Lake,Salt Lake,Natural,,
586,1/1/2016,Avalanche: Cardiac Bowl,Salt Lake,,,
587,1/1/2016,Avalanche: Cardiff Fork,Salt Lake,,,
588,12/31/2015,"Accident: Middle Fork, St. Charles Canyon",SE Idaho,Snowmobiler,2',450'
589,12/31/2015,Avalanche: Check Your Pants,Logan,Unknown,,
590,12/31/2015,Avalanche: Camelback Ridge,SE Idaho,Snowmobiler,2',"1,500'"
591,12/29/2015,Avalanche: Mt Nebo,Provo,,,
592,12/28/2015,Avalanche: Upper Weber Canyon,Uintas,Unknown,3',
593,12/26/2015,Avalanche: Double Hill,Uintas,Snowmobiler,7',200'
594,12/26/2015,Avalanche: Dory Canyon,Moab,Natural,2.5',100'
595,12/26/2015,Avalanche: Gold Basin,Moab,Natural,6',200'
596,12/26/2015,Avalanche: Gold Basin,Moab,Natural,3',300'
597,12/26/2015,Avalanche: Gold Basin,Moab,Natural,3',150'
598,12/26/2015,Avalanche: Upper Horse Creek,Moab,Natural,2.5',70'
599,12/26/2015,Avalanche: Mt. Haystack,Moab,Natural,2.5',80'
600,3/7/2014,Accident: Gold Hill,Uintas,Snowmobiler,4',200'
601,3/7/2014,Accident: Shot Gun Chute,Provo,Skier,3',100'
602,3/4/2014,Avalanche: Wilson Chutes,Salt Lake,Skier,"10""",15'
603,3/2/2014,Accident: Upper Weber Canyon,Uintas,Skier,3',200'
604,3/1/2014,Avalanche: Upper Weber Canyon,Uintas,Natural,3',250'
605,3/1/2014,Avalanche: Sunset Peak,Salt Lake,Unknown,,
606,3/1/2014,Avalanche: Franklin Basin,Logan,Skier,3',250'
607,3/1/2014,Avalanche: Michigan City,Salt Lake,Skier,"16""",150'
608,3/1/2014,Avalanche: Moffit Basin,Uintas,Natural,3',150'
609,3/1/2014,Avalanche: East Bowl,Salt Lake,,,
610,3/1/2014,Avalanche: Coldwater Canyon,Logan,Natural,4',"1,500'"
611,3/1/2014,Avalanche: East Kessler,Salt Lake,Natural,,
612,3/1/2014,Avalanche: Red Baldy,Salt Lake,Natural,6',"1,000'"
613,3/1/2014,Avalanche: Moab,Moab,Natural,4',800'
614,3/1/2014,Avalanche: Silver Fork,Salt Lake,Skier,"14""",80'
615,3/1/2014,Avalanche: Dry Creek,Provo,Natural,6',600'
616,3/1/2014,Avalanche: Moab,Moab,Natural,"18""",50'
617,3/1/2014,Avalanche: Cardiff Fork,Salt Lake,Natural,3.5',200'
618,3/1/2014,Avalanche: Red Pine Gulch,Salt Lake,Natural,6',"1,000'"
619,3/1/2014,Avalanche: Mineral Fork,Salt Lake,Natural,,150'
620,3/1/2014,Avalanche: Chalk Creek,Uintas,Natural,10',"2,500'"
621,2/28/2014,Avalanche: Two Dogs,Salt Lake,Unknown,"12""",100'
622,2/28/2014,Avalanche: Squaretop,Salt Lake,Skier,"10""",30'
623,2/28/2014,Avalanche: Catchers Mit,Salt Lake,Natural,"15""",40'
624,2/28/2014,Avalanche: Cardiff Bowl,Salt Lake,Skier,"8""",40'
625,2/28/2014,Avalanche: Flagstaff Ridge,Salt Lake,Skier,"12""",100'
626,2/28/2014,Avalanche: Catchers Mit,Salt Lake,Natural,,
627,2/28/2014,Avalanche: Lacawaxan,Salt Lake,Snowboarder,"12""",50'
628,2/28/2014,Avalanche: Lacawaxan,Salt Lake,Snowboarder,"14""",350'
629,2/28/2014,Avalanche: Pink Pine,Salt Lake,Skier,"12""",80'
630,2/28/2014,Avalanche: Big Cottonwood Canyon,Salt Lake,Snowboarder,"14""",150'
631,2/28/2014,Avalanche: Pioneer Ridge,Salt Lake,Snowboarder,,100'
632,2/28/2014,Avalanche: Toledo Chutes,Salt Lake,,,
633,2/27/2014,Avalanche: Patsy Marly,Salt Lake,Skier,"4""",100'
634,2/26/2014,Avalanche: Mineral Fork,Salt Lake,Natural,4',
635,2/25/2014,Avalanche: Millcreek,Uintas,Natural,4',250'
636,2/25/2014,Avalanche: Mineral Fork,Salt Lake,Natural,2.5',50'
637,2/24/2014,"Avalanche: Mt. Magog, South Ridge",Logan,Natural,"18""",80'
638,2/24/2014,Avalanche: Cascade Ridge,Provo,Unknown,,
639,2/24/2014,Avalanche: Cascade Ridge,Provo,,,
640,2/23/2014,Avalanche: Millcreek,Uintas,Snowmobiler,3',200'
641,2/22/2014,Avalanche: Chalk Creek,Uintas,Natural,12',250'
642,2/21/2014,Avalanche: Chalk Creek,Uintas,Skier,3',500'
643,2/21/2014,Avalanche: Lake Desolation,Salt Lake,Unknown,4.5',175'
644,2/21/2014,Avalanche: Manti Canyon,Skyline,Snowmobiler,3.5',500'
645,2/19/2014,Avalanche: Mt Nebo Loop Road,Provo,Unknown,"16""",80'
646,2/19/2014,Avalanche: west porter,Salt Lake,Unknown,2',350'
647,2/18/2014,Avalanche: Broads Fork,Salt Lake,Natural,4',"1,000'"
648,2/18/2014,Avalanche: Broads Fork,Salt Lake,,5',
649,2/18/2014,Avalanche: Upper Weber Canyon,Uintas,Natural,12',700'
650,3/10/2013,Avalanche: Wolverine,Salt Lake,Skier,,
651,3/10/2013,Avalanche: Geyser Pass,Moab,Natural,3',100'
652,3/10/2013,Avalanche: Catherine's Pass,Salt Lake,Unknown,"12""",50'
653,3/10/2013,Avalanche: Superior,Salt Lake,Skier,"4""",80'
654,3/10/2013,Avalanche: The Fang,Salt Lake,Skier,"6""",10'
655,3/10/2013,Avalanche: Diving Board,Salt Lake,,,
656,3/10/2013,Avalanche: West Willow,Salt Lake,Unknown,"15""",100'
657,3/9/2013,Avalanche: Python Chutes,Salt Lake,Skier,,
658,3/9/2013,Avalanche: Shale Shot,Salt Lake,Skier,"18""",30'
659,3/9/2013,Avalanche: Alexander Basin,Salt Lake,Snowboarder,2.5',35'
660,3/9/2013,Avalanche: Little Pine,Salt Lake,Skier,"5""",40'
661,3/8/2013,Avalanche: Snowslide Jr,Provo,Unknown,,
662,3/8/2013,Avalanche: Boundary Creek,Uintas,,2',
663,3/8/2013,Avalanche: Boundary Creek,Uintas,Skier,3',400'
664,3/6/2013,Avalanche: Ogden,Ogden,Skier,,
665,3/5/2013,Avalanche: Little Superior,Salt Lake,Skier,,15'
666,3/5/2013,Avalanche: Superior,Salt Lake,Skier,"10""",100'
667,3/5/2013,Avalanche: Superior,Salt Lake,Skier,"3""",20'
668,3/4/2013,Avalanche: Summit Park,Salt Lake,Skier,2.5',175'
669,3/4/2013,Avalanche: Jaws,Salt Lake,Skier,"8""",50'
670,3/4/2013,Avalanche: Reynolds Peak,Salt Lake,Snowboarder,"6""",50'
671,3/4/2013,Avalanche: Superior,Salt Lake,Skier,"16""",150'
672,3/4/2013,Avalanche: Cardiac Ridge,Salt Lake,Skier,"10""",60'
673,3/4/2013,Avalanche: Roberts Horn,Provo,Natural,"12""",100'
674,3/4/2013,Avalanche: Dutch Draw,Salt Lake,Unknown,"8""",40'
675,3/3/2013,Avalanche: Lower Providence Canyon,Logan,Natural,"16""",125'
676,3/3/2013,Avalanche: Cardiff Fork,Salt Lake,Skier,"8""",20'
677,3/3/2013,Avalanche: Rock Canyon,Provo,Unknown,,100'
678,3/3/2013,Avalanche: Logan Canyon,Logan,Natural,,
679,3/3/2013,Avalanche: Lost Creek,Provo,Natural,2',150'
680,3/3/2013,Avalanche: Lost Creek,Provo,Natural,"10""",30'
681,3/3/2013,Avalanche: North Fork Provo R.,Provo,Natural,"10""",25'
682,3/2/2013,Avalanche: Main Porter,Salt Lake,Snowboarder,2',30'
683,3/2/2013,Avalanche: Snowslide Jr,Provo,Natural,"8""",30'
684,3/2/2013,Avalanche: Big Provo Cirque,Provo,Natural,"8""",50'
685,3/1/2013,Accident: White Mountain,Skyline,Snowmobiler,2',350'
686,2/28/2013,Avalanche: Wyatt Couloir,Salt Lake,Natural,"16""",100'
687,2/26/2013,Avalanche: Shale Shot,Salt Lake,Skier,"12""",40'
688,2/25/2013,Avalanche: Hellgate,Salt Lake,Skier,"12""",50'
689,2/25/2013,Avalanche: Toledo Peak,Salt Lake,Skier,,
690,2/25/2013,Accident: Ephraim Canyon,Skyline,Snowmobiler,3.5',150'
691,2/25/2013,Avalanche: Silver Creek,Provo,Skier,"8""",50'
692,2/24/2013,Avalanche: Two Trees,Salt Lake,Skier,,
693,2/24/2013,Avalanche: Canyons side country,Salt Lake,Skier,"8""",200'
694,2/24/2013,Avalanche: Tuscarora,Salt Lake,Skier,"18""",100'
695,2/24/2013,Avalanche: Back Bowls,Salt Lake,Skier,"14""",70'
696,2/24/2013,Avalanche: Toledo Bowl,Salt Lake,Snowboarder,"10""",150'
697,2/24/2013,Avalanche: Back Bowls,Salt Lake,Skier,"14""",125'
698,2/23/2013,Avalanche: Weber Canyon,Uintas,Natural,2.5',"1,000'"
699,2/23/2013,Avalanche: Dry Fork,Provo,Natural,"16""",40'
700,1/22/2012,Avalanche: Cutler Ridge,Ogden,Natural,3',200'
701,1/22/2012,Avalanche: Lower Wooley Hole,Provo,Natural,2.5',
702,1/22/2012,Avalanche: Meadows,Salt Lake,Natural,,
703,1/21/2012,Avalanche: Salt Lake,Salt Lake,Unknown,,
704,1/21/2012,Avalanche: Steam Mill #3,Logan,Natural,,300'
705,1/21/2012,Avalanche: Garden City Canyon,Logan,Skier,2',50'
706,1/21/2012,Avalanche: Beaver Mountain Backside,Logan,Unknown,2',200'
707,1/21/2012,Avalanche: Bear Trap,Salt Lake,Unknown,"15""",350'
708,1/21/2012,Avalanche: Beaver Mountain Backside,Logan,Snowboarder,3',70'
709,1/21/2012,Avalanche: Logan Peak,Logan,Unknown,,
710,1/21/2012,Avalanche: Main Porter,Salt Lake,Skier,2',
711,1/21/2012,Avalanche: Lake Desolation,Salt Lake,Skier,"20""","1,500'"
712,1/21/2012,Avalanche: Elk Point,Provo,Natural,,
713,1/21/2012,Avalanche: Uintas,Uintas,Natural,2.5',600'
714,1/21/2012,Avalanche: Summit Park,Salt Lake,Skier,"20""",150'
715,1/21/2012,Avalanche: White Pine Chutes,Salt Lake,Natural,,
716,1/21/2012,Avalanche: Giant Staircase,Provo,Natural,,
717,1/21/2012,Avalanche: PC Iron Mountain,Salt Lake,Natural,,300'
718,1/21/2012,Avalanche: West Willow,Salt Lake,Skier,"14""",175'
719,1/21/2012,Avalanche: Short Swing,Salt Lake,Skier,2',500'
720,1/21/2012,Avalanche: Mill D North,Salt Lake,Skier,"18""",50'
721,1/21/2012,Avalanche: Pica Cirque,Provo,Natural,,
722,1/21/2012,Avalanche: Reynolds Peak,Salt Lake,Unknown,,
723,1/21/2012,Avalanche: Salt Lake,Salt Lake,Unknown,,
724,1/20/2012,Avalanche: Soldier Fork,Salt Lake,Skier,"18""",800'
725,1/20/2012,Avalanche: Grizzly Gulch,Salt Lake,Unknown,"14""",500'
726,1/20/2012,Avalanche: Big Water,Salt Lake,Skier,"16""",100'
727,1/20/2012,Avalanche: Days Fork,Salt Lake,Skier,"16""","2,500'"
728,1/20/2012,Avalanche: Big Water,Salt Lake,Skier,"18""",60'
729,1/20/2012,Avalanche: Bear River Range,Logan,Natural,,
730,1/20/2012,Avalanche: East Faces-Wellsville Range,Logan,Natural,,
731,1/20/2012,"Avalanche: Garden City Bowl, the Gut",Logan,Unknown,2',125'
732,1/20/2012,Avalanche: Michigan City,Salt Lake,Skier,,40'
733,1/20/2012,Avalanche: White Pine Knob,Logan,Skier,,
734,1/20/2012,Avalanche: No Name Bowl,Salt Lake,Skier,2',300'
735,1/20/2012,Avalanche: Flagstaff Gully,Salt Lake,Skier,"14""",70'
736,1/20/2012,Avalanche: Claytons,Salt Lake,Unknown,3',150'
737,1/20/2012,Avalanche: Highway to Heaven,Salt Lake,Skier,"12""",80'
738,1/20/2012,Avalanche: Twin Lakes Pass,Salt Lake,Skier,3.5',350'
739,1/20/2012,Avalanche: White Pine Canyon,Salt Lake,Skier,"20""",100'
740,1/20/2012,Avalanche: Hidden Canyon,Salt Lake,Snowboarder,3.5',125'
741,1/20/2012,Avalanche: Davenport Hill,Salt Lake,Skier,"16""",500'
742,1/20/2012,Avalanche: Toms Hill,Salt Lake,Skier,"13""",250'
743,1/20/2012,Avalanche: East Bowl,Salt Lake,Skier,"16""",80'
744,1/20/2012,Avalanche: Beaver Mountain Backside,Logan,Unknown,"20""",
745,1/20/2012,Avalanche: Tony Grove,Logan,Natural,2',
746,1/20/2012,Avalanche: Short Swing,Salt Lake,Skier,"12""",40'
747,1/20/2012,Avalanche: Powder Mountain,Ogden,Skier,2.5',100'
748,1/20/2012,Avalanche: Skyline,Skyline,Skier,2.5',200'
749,1/20/2012,Avalanche: Cub River,SE Idaho,Snowmobiler,2.5',200'
750,12/30/2010,Avalanche: Reynolds Peak,Salt Lake,Natural,,
751,12/30/2010,Avalanche: Flagstaff Gully,Salt Lake,Skier,"10""",50'
752,12/30/2010,Avalanche: Farmington Canyon,Ogden,Unknown,,
753,12/30/2010,Avalanche: Little Water,Salt Lake,Unknown,,
754,12/30/2010,Avalanche: Strawberry Creek,Ogden,Natural,2',"2,500'"
755,12/29/2010,Avalanche: Rocky Point,Salt Lake,Skier,"20""",150'
756,12/29/2010,Avalanche: Mary Lake Ridge,Salt Lake,Skier,3',200'
757,12/29/2010,Avalanche: Slide Canyon,Provo,Natural,,
758,12/29/2010,Avalanche: Wildcat,Logan,Natural,,
759,12/29/2010,Avalanche: Finger Chutes,Provo,Natural,,
760,12/29/2010,Avalanche: Lost Creek,Provo,Natural,,
761,12/29/2010,Avalanche: Southern Wellsvilles,Logan,Natural,,
762,12/29/2010,Avalanche: North Ogden Divide,Ogden,Natural,2',"1,500'"
763,12/29/2010,Avalanche: Cutler Ridge,Ogden,Natural,,
764,12/29/2010,Avalanche: Bobcat,Logan,Natural,,
765,12/29/2010,Avalanche: Provo,Provo,Natural,,
766,12/29/2010,Avalanche: Cutler Ridge,Ogden,Natural,2',100'
767,12/29/2010,Avalanche: Bobcat,Logan,Natural,,
768,12/29/2010,Avalanche: East Faces-Wellsville Range,Logan,Natural,,
769,12/29/2010,Avalanche: Tony Grove Lake,Logan,Natural,"18""",40'
770,12/29/2010,Avalanche: American Fork,Provo,Snowmobiler,,
771,12/29/2010,Avalanche: White Pine,Salt Lake,Unknown,,
772,12/29/2010,Avalanche: Dog Lake area,Salt Lake,Natural,"18""",125'
773,12/29/2010,"Avalanche: Miller Bowl, East",Logan,Skier,"12""",300'
774,12/28/2010,Accident: Red Pine Gulch,Salt Lake,Skier,,
775,12/27/2010,Avalanche: Dromedary Peak,Salt Lake,Skier,"10""",60'
776,12/27/2010,Avalanche: Wooley Hole,Provo,Skier,,
777,12/27/2010,Avalanche: Primrose Cirque,Provo,Skier,"10""",70'
778,12/26/2010,Avalanche: Uintas,Uintas,Natural,3',450'
779,12/26/2010,Avalanche: Bald Mtn Aprons,Uintas,Natural,3',"1,000'"
780,12/25/2010,Avalanche: Stupid Chute,Salt Lake,Skier,,
781,12/25/2010,Avalanche: Wolverine Peak,Salt Lake,Skier,"10""",50'
782,12/24/2010,Avalanche: Salt Lake,Salt Lake,Skier,,
783,12/24/2010,Avalanche: Little Pine,Salt Lake,Natural,,
784,12/23/2010,Avalanche: Mill Hollow,Uintas,Skier,"12""",70'
785,12/23/2010,Avalanche: Laurel Cirque,Moab,Natural,4',600'
786,12/23/2010,Avalanche: Talking Mountain Cirque,Moab,Natural,4',"3,500'"
787,12/23/2010,Avalanche: Snake Creek,Provo,Natural,"20""",500'
788,12/23/2010,Avalanche: Mt. Peale - N. Face,Moab,Natural,4',"5,000'"
789,12/23/2010,Avalanche: Bonanza Flats,Salt Lake,Unknown,"10""",40'
790,12/23/2010,Avalanche: Middle Cirque,Moab,Natural,,
791,12/23/2010,Avalanche: Big Horn Peak,Salt Lake,Unknown,,
792,12/22/2010,Avalanche: Meadows,Salt Lake,Natural,,
793,12/22/2010,Avalanche: Uintas,Uintas,Natural,3',50'
794,12/22/2010,Avalanche: Providence Peak,Logan,Natural,,
795,12/22/2010,Avalanche: Phone Shot,Skyline,Natural,3',700'
796,12/22/2010,Avalanche: All areas,Salt Lake,Natural,2',
797,12/22/2010,Avalanche: Deer Creek,Provo,Natural,"12""",450'
798,12/22/2010,Avalanche: Hidden Canyon,Salt Lake,Snowboarder,,
799,12/22/2010,Avalanche: Farmington Lakes,Ogden,Natural,,
800,1/30/2010,"Avalanche: White Pine Knob, NW ridge low",Salt Lake,Snowmobiler,2',250'
801,1/30/2010,"Avalanche: Mt. Magog, South Ridge",Logan,Snowmobiler,5',300'
802,1/30/2010,Avalanche: Salt Lake,Salt Lake,Unknown,3',100'
803,1/29/2010,Avalanche: Mary Ellen,Provo,Explosive,2',350'
804,1/29/2010,Avalanche: Snake Creek,Provo,Snowmobiler,3',450'
805,1/29/2010,Avalanche: Box Canyon,Salt Lake,Unknown,,
806,1/29/2010,Accident: Grandview Peak,Salt Lake,Snowmobiler,3.5',250'
807,1/28/2010,Avalanche: Toledo Peak,Salt Lake,Natural,,
808,1/28/2010,Avalanche: Mary Ellen,Provo,Explosive,3',900'
809,1/28/2010,Avalanche: Giant Steps,Uintas,Explosive,,
810,1/28/2010,Avalanche: Yellowjacket Gulch,Salt Lake,Skier,3',200'
811,1/28/2010,Avalanche: Murdock Peak,Salt Lake,Skier,2.5',500'
812,1/27/2010,Avalanche: Mt Aire,Salt Lake,Natural,,60'
813,1/27/2010,Avalanche: Big Cottonwood Canyon,Salt Lake,,"6""",40'
814,1/27/2010,Avalanche: Bullen Basin,Salt Lake,Snowmobiler,4',150'
815,1/27/2010,Accident: Meadows,Salt Lake,Skier,3',200'
816,1/27/2010,Avalanche: Wilson Chutes,Salt Lake,Skier,3',"1,500'"
817,1/27/2010,Avalanche: Yellowjacket Gulch,Salt Lake,Skier,3.5',600'
818,1/27/2010,Accident: Hells Canyon,Logan,Skier,,
819,1/25/2010,Avalanche: Salt Lake,Salt Lake,Explosive,"4""",
820,1/25/2010,Avalanche: Neffs,Salt Lake,Skier,3',300'
821,1/25/2010,Avalanche: Big Cottonwood Canyon,Salt Lake,Unknown,,100'
822,1/25/2010,Avalanche: Dutch Draw,Salt Lake,Snowboarder,3',20'
823,1/25/2010,Avalanche: Big Cottonwood Canyon,Salt Lake,Natural,"18""",5'
824,1/25/2010,Avalanche: Red Pine Canyon,Salt Lake,Skier,,"1,000'"
825,1/25/2010,Avalanche: Skyline,Skyline,Natural,3',600'
826,1/25/2010,Avalanche: Naomi Trail,Logan,Unknown,4',50'
827,1/25/2010,Avalanche: Wilson Glade,Salt Lake,Skier,2.5',350'
828,1/24/2010,Avalanche: Uintas,Uintas,Snowmobiler,"3""",125'
829,1/24/2010,Accident: Hells Canyon,Ogden,Skier,2',100'
830,1/24/2010,Avalanche: West Monitor,Salt Lake,Snowboarder,3',"2,500'"
831,1/24/2010,Avalanche: West Desolation Ridge,Salt Lake,Skier,3',"2,500'"
832,1/24/2010,Avalanche: Mill Hollow,Uintas,Natural,2.5',
833,1/24/2010,Avalanche: Temple Fork Junction,Logan,Natural,2.5',400'
834,1/24/2010,Avalanche: Currant Creek Peak,Uintas,Natural,3',700'
835,1/24/2010,Avalanche: pull-out east side,Logan,Unknown,2',150'
836,1/24/2010,Accident: Cold Water,Ogden,Skier,5',250'
837,1/24/2010,Avalanche: Salt Lake,Salt Lake,Unknown,,
838,1/24/2010,Avalanche: Logan Peak,Logan,Unknown,4',"2,500'"
839,1/24/2010,Avalanche: Salt Lake,Salt Lake,Unknown,"18""",30'
840,1/24/2010,Avalanche: Salt Lake,Salt Lake,,,
841,1/24/2010,Avalanche: MacDonalds Draw,Salt Lake,Skier,2',100'
842,1/24/2010,Avalanche: Hells Kitchen-Steep Hollow Ridge,Logan,Natural,3.5',150'
843,1/24/2010,Avalanche: Bear Trap,Salt Lake,Skier,3',200'
844,1/24/2010,Avalanche: Hells Canyon,Logan,Unknown,2',50'
845,1/24/2010,Avalanche: Rock Bowl,Logan,Natural,4',"1,500'"
846,1/24/2010,"Avalanche: Cornice Ridge, Big Cornice",Logan,Natural,4',"2,500'"
847,1/23/2010,Avalanche: Francis Peak Ridgeline,Salt Lake,Natural,,
848,1/23/2010,Avalanche: MacDonalds Draw,Salt Lake,Natural,4',150'
849,1/23/2010,Avalanche: Cardiac Bowl,Salt Lake,Natural,,"2,500'"
